SERVICE_ID,SERVICE_NAME,TOTAL_REVENUE
1,Service1,2000.000000
2,Service2,500.000000
3,Service3,2000.000000
6,Service6,1000.000000
7,Service7,1000.000000
10,unknown service,1000.000000
