SERVICE_ID,SERVICE_NAME,TOTAL_REVENUE
1,Service1,2000.000000
2,Service2,500.000000
3,Service3,2000.000000
6,Service6,1000.000000
7,Service7,3000.000000
8,unknown service,7000.000000
10,unknown service,2000.000000
